Workbook
Name Slicer_Item_Fat_Content: #N/A
Name Slicer_Item_Group: #N/A
Name Slicer_Outlet_Type: #N/A
Name Slicer_Visibility_Group: #N/A

Sheet Clean_SuperStore_Data
A1: Item_Identifier | B1: Item_Weight | C1: Item_Fat_Content | D1: Item_Visibility | E1: Item_Type | F1: Item_MRP | G1: Outlet_Identifier | H1: Outlet_Establishment_Year | I1: Outlet_Size | J1: Outlet_Location_Type | K1: Outlet_Type | L1: Item_Outlet_Sales | M1: Item_Group | N1: Visibility_Group | O1: Outlet_Tier+Outlet_Type | P1: Outlet_Sales_Persentage | S1: Vlookup | T1: OUT049 | U1: =VLOOKUP(T1,A:L,2) -> 4.56
A2: FDC02 | B2: 21.35 | C2: Low Fat | D2: 0.0691 | E2: Canned | F2: 259.928 | G2: OUT018 | H2: 2009 | I2: Medium | J2: Tier 3 | K2: Supermarket Type2 | L2: 6768.5228 | M2: Non-Perisable | N2: Low Visibilty | O2: =_xlfn.CONCAT(J2,"-", LEFT(K2,12)) -> Tier 3-Supermarket | P2: =L2/SUM(L:L) -> 0.00014142053 | S2: Xlookup | T2: OUT049 | U2: {=_xlfn.XLOOKUP(T2,G:G,A:C)} -> FDC02 | V2: 21.35 | W2: Low Fat
A3: FDC02 | B3: 21.35 | C3: Low Fat | D3: 0.1152 | E3: Canned | F3: 258.328 | G3: OUT010 | H3: 1998 | J3: Tier 3 | K3: Grocery Store | L3: 520.6556 | M3: Non-Perisable | N3: High Visibility | O3: =_xlfn.CONCAT(J3,"-", LEFT(K3,12)) -> Tier 3-Grocery Stor | P3: =L3/SUM(L:L) -> 1.0878503e-05 | S3: maxifs | T3: =_xlfn.MAXIFS(L:L,C:C,"Low Fat") -> 9779.9362
A4: FDC02 | B4: 21.35 | C4: Low Fat | D4: 0.0688 | E4: Canned | F4: 258.528 | G4: OUT035 | H4: 2004 | I4: Small | J4: Tier 2 | K4: Supermarket Type1 | L4: 5206.556 | M4: Non-Perisable | N4: Low Visibilty | O4: =_xlfn.CONCAT(J4,"-", LEFT(K4,12)) -> Tier 2-Supermarket | P4: =L4/SUM(L:L) -> 0.00010878503 | S4: Unique | T4: {=_xlfn.UNIQUE(E:E)} -> Item_Type
A5: FDC02 | B5: 21.35 | C5: Low Fat | D5: 0.0688 | E5: Canned | F5: 260.428 | G5: OUT013 | H5: 1987 | I5: High | J5: Tier 3 | K5: Supermarket Type1 | L5: 3644.5892 | M5: Non-Perisable | N5: Low Visibilty | O5: =_xlfn.CONCAT(J5,"-", LEFT(K5,12)) -> Tier 3-Supermarket | P5: =L5/SUM(L:L) -> 7.6149519e-05 | T5: Canned
A6: FDR07 | B6: 21.35 | C6: Low Fat | D6: 0.1301 | E6: Fruits and Vegetables | F6: 96.209 | G6: OUT010 | H6: 1998 | J6: Tier 3 | K6: Grocery Store | L6: 190.4188 | M6: Perisable | N6: High Visibility | O6: =_xlfn.CONCAT(J6,"-", LEFT(K6,12)) -> Tier 3-Grocery Stor | P6: =L6/SUM(L:L) -> 3.9785828e-06 | T6: Fruits and Vegetables
A7: FDC02 | B7: 21.35 | C7: Low Fat | D7: 0.0688 | E7: Canned | F7: 258.328 | G7: OUT046 | H7: 1997 | I7: Small | J7: Tier 1 | K7: Supermarket Type1 | L7: 7028.8506 | M7: Non-Perisable | N7: Low Visibilty | O7: =_xlfn.CONCAT(J7,"-", LEFT(K7,12)) -> Tier 1-Supermarket | P7: =L7/SUM(L:L) -> 0.00014685979 | T7: Snack Foods
A8: FDR07 | B8: 21.35 | C8: Low Fat | D8: 0.0781 | E8: Fruits and Vegetables | F8: 96.009 | G8: OUT018 | H8: 2009 | I8: Medium | J8: Tier 3 | K8: Supermarket Type2 | L8: 380.8376 | M8: Perisable | N8: Low Visibilty | O8: =_xlfn.CONCAT(J8,"-", LEFT(K8,12)) -> Tier 3-Supermarket | P8: =L8/SUM(L:L) -> 7.9571657e-06 | T8: Meat
A9: FDR07 | B9: 21.35 | C9: Low Fat | D9: 0.0782 | E9: Fruits and Vegetables | F9: 96.809 | G9: OUT017 | H9: 2007 | J9: Tier 2 | K9: Supermarket Type1 | L9: 1100.3641 | M9: Perisable | N9: Low Visibilty | O9: =_xlfn.CONCAT(J9,"-", LEFT(K9,12)) -> Tier 2-Supermarket | P9: =L9/SUM(L:L) -> 2.2990848e-05 | T9: Household
A10: FDR07 | B10: 21.35 | C10: Low Fat | D10: 0.0777 | E10: Fruits and Vegetables | F10: 97.009 | G10: OUT035 | H10: 2004 | I10: Small | J10: Tier 2 | K10: Supermarket Type1 | L10: 1139.9805 | M10: Perisable | N10: Low Visibilty | O10: =_xlfn.CONCAT(J10,"-", LEFT(K10,12)) -> Tier 2-Supermarket | P10: =L10/SUM(L:L) -> 2.3818587e-05 | T10: Health and Hygiene
A11: FDR07 | B11: 21.35 | C11: Low Fat | D11: 0.0777 | E11: Fruits and Vegetables | F11: 96.109 | G11: OUT046 | H11: 1997 | I11: Small | J11: Tier 1 | K11: Supermarket Type1 | L11: 1237.3959 | M11: Perisable | N11: Low Visibilty | O11: =_xlfn.CONCAT(J11,"-", LEFT(K11,12)) -> Tier 1-Supermarket | P11: =L11/SUM(L:L) -> 2.5853971e-05 | T11: Starchy Foods
A12: FDR07 | B12: 21.35 | C12: Low Fat | D12: 0.0777 | E12: Fruits and Vegetables | F12: 97.209 | G12: OUT013 | H12: 1987 | I12: High | J12: Tier 3 | K12: Supermarket Type1 | L12: 1189.4367 | M12: Perisable | N12: Low Visibilty | O12: =_xlfn.CONCAT(J12,"-", LEFT(K12,12)) -> Tier 3-Supermarket | P12: =L12/SUM(L:L) -> 2.4851918e-05 | T12: Breakfast
A13: FDC02 | B13: 21.35 | C13: Low Fat | D13: 0.069 | E13: Canned | F13: 261.128 | G13: OUT045 | H13: 2002 | J13: Tier 2 | K13: Supermarket Type1 | L13: 4013.9395 | M13: Non-Perisable | N13: Low Visibilty | O13: =_xlfn.CONCAT(J13,"-", LEFT(K13,12)) -> Tier 2-Supermarket | P13: =L13/SUM(L:L) -> 8.3866671e-05 | T13: Breads
A14: FDC02 | B14: 21.35 | C14: Low Fat | D14: 0.0692 | E14: Canned | F14: 258.828 | G14: OUT017 | H14: 2007 | J14: Tier 2 | K14: Supermarket Type1 | L14: 5841.3268 | M14: Non-Perisable | N14: Low Visibilty | O14: =_xlfn.CONCAT(J14,"-", LEFT(K14,12)) -> Tier 2-Supermarket | P14: =L14/SUM(L:L) -> 0.00012204784 | T14: Frozen Foods
A15: FDC02 | B15: 21.35 | C15: Low Fat | D15: 0.0689 | E15: Canned | F15: 259.628 | G15: OUT049 | H15: 1999 | I15: Medium | J15: Tier 1 | K15: Supermarket Type1 | L15: 3311.5025 | M15: Non-Perisable | N15: Low Visibilty | O15: =_xlfn.CONCAT(J15,"-", LEFT(K15,12)) -> Tier 1-Supermarket | P15: =L15/SUM(L:L) -> 6.9190054e-05 | T15: Baking Goods
A16: FDR07 | B16: 21.35 | C16: Low Fat | D16: 0.0779 | E16: Fruits and Vegetables | F16: 97.009 | G16: OUT049 | H16: 1999 | I16: Medium | J16: Tier 1 | K16: Supermarket Type1 | L16: 762.0579 | M16: Perisable | N16: Low Visibilty | O16: =_xlfn.CONCAT(J16,"-", LEFT(K16,12)) -> Tier 1-Supermarket | P16: =L16/SUM(L:L) -> 1.5922327e-05 | T16: Soft Drinks
A17: FDR07 | B17: 21.35 | C17: Low Fat | D17: 0.0779 | E17: Fruits and Vegetables | F17: 96.909 | G17: OUT045 | H17: 2002 | J17: Tier 2 | K17: Supermarket Type1 | L17: 937.4715 | M17: Perisable | N17: Low Visibilty | O17: =_xlfn.CONCAT(J17,"-", LEFT(K17,12)) -> Tier 2-Supermarket | P17: =L17/SUM(L:L) -> 1.9587394e-05 | T17: Seafood
A18: FDA45 | B18: 21.25 | C18: Low Fat | D18: 0.1554 | E18: Snack Foods | F18: 178.237 | G18: OUT035 | H18: 2004 | I18: Small | J18: Tier 2 | K18: Supermarket Type1 | L18: 529.311 | M18: Non-Perisable | N18: High Visibility | O18: =_xlfn.CONCAT(J18,"-", LEFT(K18,12)) -> Tier 2-Supermarket | P18: =L18/SUM(L:L) -> 1.1059347e-05 | T18: Dairy
A19: FDQ21 | B19: 21.25 | C19: Low Fat | D19: 0.0195 | E19: Snack Foods | F19: 120.876 | G19: OUT018 | H19: 2009 | I19: Medium | J19: Tier 3 | K19: Supermarket Type2 | L19: 3150.5656 | M19: Non-Perisable | N19: Low Visibilty | O19: =_xlfn.CONCAT(J19,"-", LEFT(K19,12)) -> Tier 3-Supermarket | P19: =L19/SUM(L:L) -> 6.5827461e-05 | T19: Others
A20: FDT03 | B20: 21.25 | C20: Low Fat | D20: 0.01 | E20: Meat | F20: 185.561 | G20: OUT035 | H20: 2004 | I20: Small | J20: Tier 2 | K20: Supermarket Type1 | L20: 3123.9336 | M20: Perisable | N20: Low Visibilty | O20: =_xlfn.CONCAT(J20,"-", LEFT(K20,12)) -> Tier 2-Supermarket | P20: =L20/SUM(L:L) -> 6.5271016e-05 | T20: Hard Drinks
A21: FDQ21 | B21: 21.25 | C21: Low Fat | D21: 0.0194 | E21: Snack Foods | F21: 120.876 | G21: OUT046 | H21: 1997 | I21: Small | J21: Tier 1 | K21: Supermarket Type1 | L21: 3150.5656 | M21: Non-Perisable | N21: Low Visibilty | O21: =_xlfn.CONCAT(J21,"-", LEFT(K21,12)) -> Tier 1-Supermarket | P21: =L21/SUM(L:L) -> 6.5827461e-05 | T21: 0
A22: FDT03 | B22: 21.25 | C22: Low Fat | D22: 0.01 | E22: Meat | F22: 181.761 | G22: OUT018 | H22: 2009 | I22: Medium | J22: Tier 3 | K22: Supermarket Type2 | L22: 1102.5648 | M22: Perisable | N22: Low Visibilty | O22: =_xlfn.CONCAT(J22,"-", LEFT(K22,12)) -> Tier 3-Supermarket | P22: =L22/SUM(L:L) -> 2.3036829e-05 | S22: LARGE | T22: =LARGE(B:B,10) -> 21.35
A23: FDT03 | B23: 21.25 | C23: Low Fat | D23: 0.0167 | E23: Meat | F23: 185.261 | G23: OUT010 | H23: 1998 | J23: Tier 3 | K23: Grocery Store | L23: 183.7608 | M23: Perisable | N23: Low Visibilty | O23: =_xlfn.CONCAT(J23,"-", LEFT(K23,12)) -> Tier 3-Grocery Stor | P23: =L23/SUM(L:L) -> 3.8394715e-06 | S23: small | T23: =SMALL(B:B,10) -> 4.59
A24: FDT03 | B24: 21.25 | C24: Low Fat | D24: 0.0101 | E24: Meat | F24: 183.161 | G24: OUT017 | H24: 2007 | J24: Tier 2 | K24: Supermarket Type1 | L24: 2756.412 | M24: Perisable | N24: Low Visibilty | O24: =_xlfn.CONCAT(J24,"-", LEFT(K24,12)) -> Tier 2-Supermarket | P24: =L24/SUM(L:L) -> 5.7592073e-05
A25: NCO42 | B25: 21.25 | C25: Low Fat | D25: 0.0247 | E25: Household | F25: 146.01 | G25: OUT035 | H25: 2004 | I25: Small | J25: Tier 2 | K25: Supermarket Type1 | L25: 2916.204 | M25: Household | N25: Low Visibilty | O25: =_xlfn.CONCAT(J25,"-", LEFT(K25,12)) -> Tier 2-Supermarket | P25: =L25/SUM(L:L) -> 6.0930744e-05
A26: FDT03 | B26: 21.25 | C26: Low Fat | D26: 0.01 | E26: Meat | F26: 184.661 | G26: OUT045 | H26: 2002 | J26: Tier 2 | K26: Supermarket Type1 | L26: 367.5216 | M26: Perisable | N26: Low Visibilty | O26: =_xlfn.CONCAT(J26,"-", LEFT(K26,12)) -> Tier 2-Supermarket | P26: =L26/SUM(L:L) -> 7.6789431e-06
A27: NCO42 | B27: 21.25 | C27: Low Fat | D27: 0.0247 | E27: Household | F27: 145.11 | G27: OUT045 | H27: 2002 | J27: Tier 2 | K27: Supermarket Type1 | L27: 1603.9122 | M27: Household | N27: Low Visibilty | O27: =_xlfn.CONCAT(J27,"-", LEFT(K27,12)) -> Tier 2-Supermarket | P27: =L27/SUM(L:L) -> 3.3511909e-05
A28: NCX17 | B28: 21.25 | C28: Low Fat | D28: 0.1142 | E28: Health and Hygiene | F28: 231.23 | G28: OUT017 | H28: 2007 | J28: Tier 2 | K28: Supermarket Type1 | L28: 3029.39 | M28: Household | N28: High Visibility | O28: =_xlfn.CONCAT(J28,"-", LEFT(K28,12)) -> Tier 2-Supermarket | P28: =L28/SUM(L:L) -> 6.3295636e-05
A29: FDA45 | B29: 21.25 | C29: Low Fat | D29: 0.1553 | E29: Snack Foods | F29: 175.737 | G29: OUT013 | H29: 1987 | I29: High | J29: Tier 3 | K29: Supermarket Type1 | L29: 2117.244 | M29: Non-Perisable | N29: High Visibility | O29: =_xlfn.CONCAT(J29,"-", LEFT(K29,12)) -> Tier 3-Supermarket | P29: =L29/SUM(L:L) -> 4.4237389e-05
A30: FDQ21 | B30: 21.25 | C30: low fat | D30: 0.0194 | E30: Snack Foods | F30: 119.376 | G30: OUT013 | H30: 1987 | I30: High | J30: Tier 3 | K30: Supermarket Type1 | L30: 3271.7412 | M30: Non-Perisable | N30: Low Visibilty | O30: =_xlfn.CONCAT(J30,"-", LEFT(K30,12)) -> Tier 3-Supermarket | P30: =L30/SUM(L:L) -> 6.8359287e-05
A31: FDA45 | B31: 21.25 | C31: Low Fat | D31: 0.1557 | E31: Snack Foods | F31: 177.637 | G31: OUT045 | H31: 2002 | J31: Tier 2 | K31: Supermarket Type1 | L31: 2999.429 | M31: Non-Perisable | N31: High Visibility | O31: =_xlfn.CONCAT(J31,"-", LEFT(K31,12)) -> Tier 2-Supermarket | P31: =L31/SUM(L:L) -> 6.2669635e-05
A32: FDT03 | B32: 21.25 | C32: Low Fat | D32: 0.01 | E32: Meat | F32: 182.361 | G32: OUT046 | H32: 1997 | I32: Small | J32: Tier 1 | K32: Supermarket Type1 | L32: 551.2824 | M32: Perisable | N32: Low Visibilty | O32: =_xlfn.CONCAT(J32,"-", LEFT(K32,12)) -> Tier 1-Supermarket | P32: =L32/SUM(L:L) -> 1.1518415e-05
A33: FDA45 | B33: 21.25 | C33: Low Fat | D33: 0.156 | E33: Snack Foods | F33: 177.337 | G33: OUT018 | H33: 2009 | I33: Medium | J33: Tier 3 | K33: Supermarket Type2 | L33: 2822.992 | M33: Non-Perisable | N33: High Visibility | O33: =_xlfn.CONCAT(J33,"-", LEFT(K33,12)) -> Tier 3-Supermarket | P33: =L33/SUM(L:L) -> 5.8983186e-05
A34: FDQ21 | B34: 21.25 | C34: Low Fat | D34: 0.0195 | E34: Snack Foods | F34: 120.476 | G34: OUT017 | H34: 2007 | J34: Tier 2 | K34: Supermarket Type1 | L34: 1938.8096 | M34: Non-Perisable | N34: Low Visibilty | O34: =_xlfn.CONCAT(J34,"-", LEFT(K34,12)) -> Tier 2-Supermarket | P34: =L34/SUM(L:L) -> 4.0509207e-05
A35: FDQ21 | B35: 21.25 | C35: Low Fat | D35: 0.0195 | E35: Snack Foods | F35: 120.876 | G35: OUT045 | H35: 2002 | J35: Tier 2 | K35: Supermarket Type1 | L35: 1575.2828 | M35: Non-Perisable | N35: Low Visibilty | O35: =_xlfn.CONCAT(J35,"-", LEFT(K35,12)) -> Tier 2-Supermarket | P35: =L35/SUM(L:L) -> 3.2913731e-05
A36: NCX17 | B36: 21.25 | C36: Low Fat | D36: 0.1138 | E36: Health and Hygiene | F36: 232.83 | G36: OUT045 | H36: 2002 | J36: Tier 2 | K36: Supermarket Type1 | L36: 1398.18 | M36: Household | N36: High Visibility | O36: =_xlfn.CONCAT(J36,"-", LEFT(K36,12)) -> Tier 2-Supermarket | P36: =L36/SUM(L:L) -> 2.921337e-05
A37: FDQ21 | B37: 21.25 | C37: Low Fat | D37: 0.0195 | E37: Snack Foods | F37: 120.876 | G37: OUT049 | H37: 1999 | I37: Medium | J37: Tier 1 | K37: Supermarket Type1 | L37: 1454.1072 | M37: Non-Perisable | N37: Low Visibilty | O37: =_xlfn.CONCAT(J37,"-", LEFT(K37,12)) -> Tier 1-Supermarket | P37: =L37/SUM(L:L) -> 3.0381905e-05
A38: NCX17 | B38: 21.25 | C38: Low Fat | D38: 0.1141 | E38: Health and Hygiene | F38: 233.03 | G38: OUT018 | H38: 2009 | I38: Medium | J38: Tier 3 | K38: Supermarket Type2 | L38: 5592.72 | M38: Household | N38: High Visibility | O38: =_xlfn.CONCAT(J38,"-", LEFT(K38,12)) -> Tier 3-Supermarket | P38: =L38/SUM(L:L) -> 0.00011685348
A39: NCO42 | B39: 21.25 | C39: Low Fat | D39: 0.0247 | E39: Household | F39: 144.11 | G39: OUT049 | H39: 1999 | I39: Medium | J39: Tier 1 | K39: Supermarket Type1 | L39: 1749.7224 | M39: Household | N39: Low Visibilty | O39: =_xlfn.CONCAT(J39,"-", LEFT(K39,12)) -> Tier 1-Supermarket | P39: =L39/SUM(L:L) -> 3.6558446e-05
A40: NCO42 | B40: 21.25 | C40: Low Fat | D40: 0.0248 | E40: Household | F40: 146.71 | G40: OUT018 | H40: 2009 | I40: Medium | J40: Tier 3 | K40: Supermarket Type2 | L40: 1603.9122 | M40: Household | N40: Low Visibilty | O40: =_xlfn.CONCAT(J40,"-", LEFT(K40,12)) -> Tier 3-Supermarket | P40: =L40/SUM(L:L) -> 3.3511909e-05
A41: NCO42 | B41: 21.25 | C41: Low Fat | D41: 0.0248 | E41: Household | F41: 147.41 | G41: OUT017 | H41: 2007 | J41: Tier 2 | K41: Supermarket Type1 | L41: 3791.0652 | M41: Household | N41: Low Visibilty | O41: =_xlfn.CONCAT(J41,"-", LEFT(K41,12)) -> Tier 2-Supermarket | P41: =L41/SUM(L:L) -> 7.9209967e-05
A42: FDA45 | B42: 21.25 | C42: Low Fat | D42: 0.1556 | E42: Snack Foods | F42: 178.237 | G42: OUT049 | H42: 1999 | I42: Medium | J42: Tier 1 | K42: Supermarket Type1 | L42: 1373.9038 | M42: Non-Perisable | N42: High Visibility | O42: =_xlfn.CONCAT(J42,"-", LEFT(K42,12)) -> Tier 1-Supermarket | P42: =L42/SUM(L:L) -> 2.8706147e-05
A43: NCX17 | B43: 21.25 | C43: Low Fat | D43: 0.1138 | E43: Health and Hygiene | F43: 234.93 | G43: OUT049 | H43: 1999 | I43: Medium | J43: Tier 1 | K43: Supermarket Type1 | L43: 2427.9063 | M43: Household | N43: High Visibility | O43: =_xlfn.CONCAT(J43,"-", LEFT(K43,12)) -> Tier 1-Supermarket | P43: =L43/SUM(L:L) -> 5.0728323e-05
A44: NCX17 | B44: 21.25 | C44: Low Fat | D44: 0.1136 | E44: Health and Hygiene | F44: 231.73 | G44: OUT046 | H44: 1997 | I44: Small | J44: Tier 1 | K44: Supermarket Type1 | L44: 2184.7825 | M44: Household | N44: High Visibility | O44: =_xlfn.CONCAT(J44,"-", LEFT(K44,12)) -> Tier 1-Supermarket | P44: =L44/SUM(L:L) -> 4.5648529e-05
A45: NCO42 | B45: 21.25 | C45: Low Fat | D45: 0.0246 | E45: Household | F45: 146.11 | G45: OUT013 | H45: 1987 | I45: High | J45: Tier 3 | K45: Supermarket Type1 | L45: 2999.4601 | M45: Household | N45: Low Visibilty | O45: =_xlfn.CONCAT(J45,"-", LEFT(K45,12)) -> Tier 3-Supermarket | P45: =L45/SUM(L:L) -> 6.2670285e-05
A46: FDT03 | B46: 21.25 | C46: Low Fat | D46: 0.01 | E46: Meat | F46: 185.761 | G46: OUT049 | H46: 1999 | I46: Medium | J46: Tier 1 | K46: Supermarket Type1 | L46: 1784.857 | M46: Perisable | N46: Low Visibilty | O46: =_xlfn.CONCAT(J46,"-", LEFT(K46,12)) -> Tier 1-Supermarket | P46: =L46/SUM(L:L) -> 3.7292544e-05
A47: NCX17 | B47: 21.25 | C47: Low Fat | D47: 0.1136 | E47: Health and Hygiene | F47: 234.93 | G47: OUT035 | H47: 2004 | I47: Small | J47: Tier 2 | K47: Supermarket Type1 | L47: 3160.4282 | M47: Household | N47: High Visibility | O47: =_xlfn.CONCAT(J47,"-", LEFT(K47,12)) -> Tier 2-Supermarket | P47: =L47/SUM(L:L) -> 6.6033529e-05
A48: FDQ21 | B48: 21.25 | C48: Low Fat | D48: 0.0194 | E48: Snack Foods | F48: 122.576 | G48: OUT035 | H48: 2004 | I48: Small | J48: Tier 2 | K48: Supermarket Type1 | L48: 1995.2867 | M48: Non-Perisable | N48: Low Visibilty | O48: =_xlfn.CONCAT(J48,"-", LEFT(K48,12)) -> Tier 2-Supermarket | P48: =L48/SUM(L:L) -> 4.1689231e-05
A49: NCO42 | B49: 21.25 | C49: Low Fat | D49: 0.0247 | E49: Household | F49: 144.01 | G49: OUT046 | H49: 1997 | I49: Small | J49: Tier 1 | K49: Supermarket Type1 | L49: 2259.0928 | M49: Household | N49: Low Visibilty | O49: =_xlfn.CONCAT(J49,"-", LEFT(K49,12)) -> Tier 1-Supermarket | P49: =L49/SUM(L:L) -> 4.7201158e-05
A50: FDA45 | B50: 21.25 | C50: Low Fat | D50: 0 | E50: Snack Foods | F50: 174.537 | G50: OUT017 | H50: 2007 | J50: Tier 2 | K50: Supermarket Type1 | L50: 2982.1909 | M50: Non-Perisable | N50: Unknown | O50: =_xlfn.CONCAT(J50,"-", LEFT(K50,12)) -> Tier 2-Supermarket | P50: =L50/SUM(L:L) -> 6.2309465e-05
A51: NCX17 | B51: 21.25 | C51: Low Fat | D51: 0.1135 | E51: Health and Hygiene | F51: 234.73 | G51: OUT013 | H51: 1987 | I51: High | J51: Tier 3 | K51: Supermarket Type1 | L51: 3059.3059 | M51: Household | N51: High Visibility | O51: =_xlfn.CONCAT(J51,"-", LEFT(K51,12)) -> Tier 3-Supermarket | P51: =L51/SUM(L:L) -> 6.3920694e-05
A52: FDA45 | B52: 21.25 | C52: Low Fat | D52: 0.1554 | E52: Snack Foods | F52: 175.437 | G52: OUT046 | H52: 1997 | I52: Small | J52: Tier 1 | K52: Supermarket Type1 | L52: 1811.2193 | M52: Non-Perisable | N52: High Visibility | O52: =_xlfn.CONCAT(J52,"-", LEFT(K52,12)) -> Tier 1-Supermarket | P52: =L52/SUM(L:L) -> 3.7843354e-05
A53: FDT03 | B53: 21.25 | C53: Low Fat | D53: 0.01 | E53: Meat | F53: 182.261 | G53: OUT013 | H53: 1987 | I53: High | J53: Tier 3 | K53: Supermarket Type1 | L53: 1830.7216 | M53: Perisable | N53: Low Visibilty | O53: =_xlfn.CONCAT(J53,"-", LEFT(K53,12)) -> Tier 3-Supermarket | P53: =L53/SUM(L:L) -> 3.8250832e-05
A54: FDG35 | B54: 21.2 | C54: Regular | D54: 0.007 | E54: Starchy Foods | F54: 173.574 | G54: OUT046 | H54: 1997 | I54: Small | J54: Tier 1 | K54: Supermarket Type1 | L54: 2954.1546 | M54: Non-Perisable | N54: Low Visibilty | O54: =_xlfn.CONCAT(J54,"-", LEFT(K54,12)) -> Tier 1-Supermarket | P54: =L54/SUM(L:L) -> 6.1723678e-05
A55: FDW10 | B55: 21.2 | C55: Low Fat | D55: 0.1183 | E55: Snack Foods | F55: 175.037 | G55: OUT010 | H55: 1998 | J55: Tier 3 | K55: Grocery Store | L55: 529.311 | M55: Non-Perisable | N55: High Visibility | O55: =_xlfn.CONCAT(J55,"-", LEFT(K55,12)) -> Tier 3-Grocery Stor | P55: =L55/SUM(L:L) -> 1.1059347e-05
A56: FDW10 | B56: 21.2 | C56: Low Fat | D56: 0.0711 | E56: Snack Foods | F56: 174.837 | G56: OUT017 | H56: 2007 | J56: Tier 2 | K56: Supermarket Type1 | L56: 5469.547 | M56: Non-Perisable | N56: Low Visibilty | O56: =_xlfn.CONCAT(J56,"-", LEFT(K56,12)) -> Tier 2-Supermarket | P56: =L56/SUM(L:L) -> 0.00011427992
A57: FDG35 | B57: 21.2 | C57: Regular | D57: 0 | E57: Starchy Foods | F57: 173.674 | G57: OUT049 | H57: 1999 | I57: Medium | J57: Tier 1 | K57: Supermarket Type1 | L57: 2954.1546 | M57: Non-Perisable | N57: Unknown | O57: =_xlfn.CONCAT(J57,"-", LEFT(K57,12)) -> Tier 1-Supermarket | P57: =L57/SUM(L:L) -> 6.1723678e-05
A58: FDG35 | B58: 21.2 | C58: Regular | D58: 0.0071 | E58: Starchy Foods | F58: 175.774 | G58: OUT018 | H58: 2009 | I58: Medium | J58: Tier 3 | K58: Supermarket Type2 | L58: 1911.5118 | M58: Non-Perisable | N58: Low Visibilty | O58: =_xlfn.CONCAT(J58,"-", LEFT(K58,12)) -> Tier 3-Supermarket | P58: =L58/SUM(L:L) -> 3.9938851e-05
A59: FDG35 | B59: 21.2 | C59: Regular | D59: 0 | E59: Starchy Foods | F59: 173.074 | G59: OUT017 | H59: 2007 | J59: Tier 2 | K59: Supermarket Type1 | L59: 2313.1908 | M59: Non-Perisable | N59: Unknown | O59: =_xlfn.CONCAT(J59,"-", LEFT(K59,12)) -> Tier 2-Supermarket | P59: =L59/SUM(L:L) -> 4.8331474e-05
A60: FDW10 | B60: 21.2 | C60: Low Fat | D60: 0 | E60: Snack Foods | F60: 176.137 | G60: OUT049 | H60: 1999 | I60: Medium | J60: Tier 1 | K60: Supermarket Type1 | L60: 2199.292 | M60: Non-Perisable | N60: Unknown | O60: =_xlfn.CONCAT(J60,"-", LEFT(K60,12)) -> Tier 1-Supermarket | P60: =L60/SUM(L:L) -> 4.5951688e-05
A61: FDG35 | B61: 21.2 | C61: Regular | D61: 0.007 | E61: Starchy Foods | F61: 175.574 | G61: OUT013 | H61: 1987 | I61: High | J61: Tier 3 | K61: Supermarket Type1 | L61: 2846.5714 | M61: Non-Perisable | N61: Low Visibilty | O61: =_xlfn.CONCAT(J61,"-", LEFT(K61,12)) -> Tier 3-Supermarket | P61: =L61/SUM(L:L) -> 5.9475851e-05
A62: FDW10 | B62: 21.2 | C62: Low Fat | D62: 0.071 | E62: Snack Foods | F62: 175.637 | G62: OUT018 | H62: 2009 | I62: Medium | J62: Tier 3 | K62: Supermarket Type2 | L62: 2320.7701 | M62: Non-Perisable | N62: Low Visibilty | O62: =_xlfn.CONCAT(J62,"-", LEFT(K62,12)) -> Tier 3-Supermarket | P62: =L62/SUM(L:L) -> 4.8489834e-05
A63: FDG35 | B63: 21.2 | C63: Regular | D63: 0.0071 | E63: Starchy Foods | F63: 175.474 | G63: OUT045 | H63: 2002 | J63: Tier 2 | K63: Supermarket Type1 | L63: 2574.6211 | M63: Non-Perisable | N63: Low Visibilty | O63: =_xlfn.CONCAT(J63,"-", LEFT(K63,12)) -> Tier 2-Supermarket | P63: =L63/SUM(L:L) -> 5.379376e-05
A64: FDG35 | B64: 21.2 | C64: Regular | D64: 0.007 | E64: Starchy Foods | F64: 172.474 | G64: OUT035 | H64: 2004 | I64: Small | J64: Tier 2 | K64: Supermarket Type1 | L64: 3302.3542 | M64: Non-Perisable | N64: Low Visibilty | O64: =_xlfn.CONCAT(J64,"-", LEFT(K64,12)) -> Tier 2-Supermarket | P64: =L64/SUM(L:L) -> 6.899891e-05
A65: FDW10 | B65: 21.2 | C65: Low Fat | D65: 0.0707 | E65: Snack Foods | F65: 176.337 | G65: OUT046 | H65: 1997 | I65: Small | J65: Tier 1 | K65: Supermarket Type1 | L65: 2381.4082 | M65: Non-Perisable | N65: Low Visibilty | O65: =_xlfn.CONCAT(J65,"-", LEFT(K65,12)) -> Tier 1-Supermarket | P65: =L65/SUM(L:L) -> 4.9756798e-05
A66: FDW10 | B66: 21.2 | C66: Low Fat | D66: 0.0706 | E66: Snack Foods | F66: 178.237 | G66: OUT013 | H66: 1987 | I66: High | J66: Tier 3 | K66: Supermarket Type1 | L66: 2041.6336 | M66: Non-Perisable | N66: Low Visibilty | O66: =_xlfn.CONCAT(J66,"-", LEFT(K66,12)) -> Tier 3-Supermarket | P66: =L66/SUM(L:L) -> 4.2657597e-05
A67: FDW10 | B67: 21.2 | C67: Low Fat | D67: 0.0708 | E67: Snack Foods | F67: 174.537 | G67: OUT045 | H67: 2002 | J67: Tier 2 | K67: Supermarket Type1 | L67: 2276.8892 | M67: Non-Perisable | N67: Low Visibilty | O67: =_xlfn.CONCAT(J67,"-", LEFT(K67,12)) -> Tier 2-Supermarket | P67: =L67/SUM(L:L) -> 4.7572993e-05
A68: FDW10 | B68: 21.2 | C68: Low Fat | D68: 0.0707 | E68: Snack Foods | F68: 177.037 | G68: OUT035 | H68: 2004 | I68: Small | J68: Tier 2 | K68: Supermarket Type1 | L68: 2889.4769 | M68: Non-Perisable | N68: Low Visibilty | O68: =_xlfn.CONCAT(J68,"-", LEFT(K68,12)) -> Tier 2-Supermarket | P68: =L68/SUM(L:L) -> 6.0372312e-05
A69: FDO01 | B69: 21.1 | C69: Regular | D69: 0.0208 | E69: Breakfast | F69: 128.799 | G69: OUT045 | H69: 2002 | J69: Tier 2 | K69: Supermarket Type1 | L69: 1798.9916 | M69: Non-Perisable | N69: Low Visibilty | O69: =_xlfn.CONCAT(J69,"-", LEFT(K69,12)) -> Tier 2-Supermarket | P69: =L69/SUM(L:L) -> 3.758787e-05
A70: NCD54 | B70: 21.1 | C70: Low Fat | D70: 0.029 | E70: Household | F70: 143.479 | G70: OUT035 | H70: 2004 | I70: Small | J70: Tier 2 | K70: Supermarket Type1 | L70: 2311.6576 | M70: Household | N70: Low Visibilty | O70: =_xlfn.CONCAT(J70,"-", LEFT(K70,12)) -> Tier 2-Supermarket | P70: =L70/SUM(L:L) -> 4.8299439e-05
A71: NCD54 | B71: 21.1 | C71: Low Fat | D71: 0.029 | E71: Household | F71: 146.179 | G71: OUT013 | H71: 1987 | I71: High | J71: Tier 3 | K71: Supermarket Type1 | L71: 3034.0506 | M71: Household | N71: Low Visibilty | O71: =_xlfn.CONCAT(J71,"-", LEFT(K71,12)) -> Tier 3-Supermarket | P71: =L71/SUM(L:L) -> 6.3393014e-05
A72: FDP31 | B72: 21.1 | C72: Regular | D72: 0.1624 | E72: Fruits and Vegetables | F72: 64.917 | G72: OUT017 | H72: 2007 | J72: Tier 2 | K72: Supermarket Type1 | L72: 639.168 | M72: Perisable | N72: High Visibility | O72: =_xlfn.CONCAT(J72,"-", LEFT(K72,12)) -> Tier 2-Supermarket | P72: =L72/SUM(L:L) -> 1.3354684e-05
A73: FDO01 | B73: 21.1 | C73: Regular | D73: 0.0208 | E73: Breakfast | F73: 129.799 | G73: OUT018 | H73: 2009 | I73: Medium | J73: Tier 3 | K73: Supermarket Type2 | L73: 1284.994 | M73: Non-Perisable | N73: Low Visibilty | O73: =_xlfn.CONCAT(J73,"-", LEFT(K73,12)) -> Tier 3-Supermarket | P73: =L73/SUM(L:L) -> 2.6848479e-05
A74: NCD54 | B74: 21.1 | C74: low fat | D74: 0.0291 | E74: Household | F74: 144.679 | G74: OUT049 | H74: 1999 | I74: Medium | J74: Tier 1 | K74: Supermarket Type1 | L74: 2889.572 | M74: Household | N74: Low Visibilty | O74: =_xlfn.CONCAT(J74,"-", LEFT(K74,12)) -> Tier 1-Supermarket | P74: =L74/SUM(L:L) -> 6.0374299e-05
A75: FDP31 | B75: 21.1 | C75: Regular | D75: 0.1622 | E75: Fruits and Vegetables | F75: 62.217 | G75: OUT018 | H75: 2009 | I75: Medium | J75: Tier 3 | K75: Supermarket Type2 | L75: 383.5008 | M75: Perisable | N75: High Visibility | O75: =_xlfn.CONCAT(J75,"-", LEFT(K75,12)) -> Tier 3-Supermarket | P75: =L75/SUM(L:L) -> 8.0128102e-06
A76: FDO01 | B76: 21.1 | C76: Regular | D76: 0.0207 | E76: Breakfast | F76: 130.499 | G76: OUT046 | H76: 1997 | I76: Small | J76: Tier 1 | K76: Supermarket Type1 | L76: 2184.4898 | M76: Non-Perisable | N76: Low Visibilty | O76: =_xlfn.CONCAT(J76,"-", LEFT(K76,12)) -> Tier 1-Supermarket | P76: =L76/SUM(L:L) -> 4.5642413e-05
A77: FDO01 | B77: 21.1 | C77: Regular | D77: 0.0208 | E77: Breakfast | F77: 128.799 | G77: OUT049 | H77: 1999 | I77: Medium | J77: Tier 1 | K77: Supermarket Type1 | L77: 1927.491 | M77: Non-Perisable | N77: Low Visibilty | O77: =_xlfn.CONCAT(J77,"-", LEFT(K77,12)) -> Tier 1-Supermarket | P77: =L77/SUM(L:L) -> 4.0272718e-05
A78: NCE42 | B78: 21.1 | C78: Low Fat | D78: 0.0106 | E78: Household | F78: 234.296 | G78: OUT013 | H78: 1987 | I78: High | J78: Tier 3 | K78: Supermarket Type1 | L78: 3739.1328 | M78: Household | N78: Low Visibilty | O78: =_xlfn.CONCAT(J78,"-", LEFT(K78,12)) -> Tier 3-Supermarket | P78: =L78/SUM(L:L) -> 7.8124899e-05
A79: NCD54 | B79: 21.1 | C79: Low Fat | D79: 0.0292 | E79: Household | F79: 145.779 | G79: OUT017 | H79: 2007 | J79: Tier 2 | K79: Supermarket Type1 | L79: 1444.786 | M79: Household | N79: Low Visibilty | O79: =_xlfn.CONCAT(J79,"-", LEFT(K79,12)) -> Tier 2-Supermarket | P79: =L79/SUM(L:L) -> 3.0187149e-05
A80: NCD54 | B80: 21.1 | C80: Low Fat | D80: 0.029 | E80: Household | F80: 143.379 | G80: OUT046 | H80: 1997 | I80: Small | J80: Tier 1 | K80: Supermarket Type1 | L80: 866.8716 | M80: Household | N80: Low Visibilty | O80: =_xlfn.CONCAT(J80,"-", LEFT(K80,12)) -> Tier 1-Supermarket | P80: =L80/SUM(L:L) -> 1.811229e-05
A81: NCE42 | B81: 21.1 | C81: low fat | D81: 0 | E81: Household | F81: 233.296 | G81: OUT018 | H81: 2009 | I81: Medium | J81: Tier 3 | K81: Supermarket Type2 | L81: 2103.2622 | M81: Household | N81: Unknown | O81: =_xlfn.CONCAT(J81,"-", LEFT(K81,12)) -> Tier 3-Supermarket | P81: =L81/SUM(L:L) -> 4.3945256e-05
A82: FDP31 | B82: 21.1 | C82: Regular | D82: 0.1615 | E82: Fruits and Vegetables | F82: 62.917 | G82: OUT035 | H82: 2004 | I82: Small | J82: Tier 2 | K82: Supermarket Type1 | L82: 1086.5856 | M82: Perisable | N82: High Visibility | O82: =_xlfn.CONCAT(J82,"-", LEFT(K82,12)) -> Tier 2-Supermarket | P82: =L82/SUM(L:L) -> 2.2702962e-05
A83: FDP31 | B83: 21.1 | C83: Regular | D83: 0.1615 | E83: Fruits and Vegetables | F83: 65.017 | G83: OUT046 | H83: 1997 | I83: Small | J83: Tier 1 | K83: Supermarket Type1 | L83: 639.168 | M83: Perisable | N83: High Visibility | O83: =_xlfn.CONCAT(J83,"-", LEFT(K83,12)) -> Tier 1-Supermarket | P83: =L83/SUM(L:L) -> 1.3354684e-05
A84: NCE42 | B84: 21.1 | C84: Low Fat | D84: 0.0106 | E84: Household | F84: 233.996 | G84: OUT035 | H84: 2004 | I84: Small | J84: Tier 2 | K84: Supermarket Type1 | L84: 1869.5664 | M84: Household | N84: Low Visibilty | O84: =_xlfn.CONCAT(J84,"-", LEFT(K84,12)) -> Tier 2-Supermarket | P84: =L84/SUM(L:L) -> 3.906245e-05
A85: NCE42 | B85: 21.1 | C85: Low Fat | D85: 0.0106 | E85: Household | F85: 235.396 | G85: OUT046 | H85: 1997 | I85: Small | J85: Tier 1 | K85: Supermarket Type1 | L85: 3271.7412 | M85: Household | N85: Low Visibilty | O85: =_xlfn.CONCAT(J85,"-", LEFT(K85,12)) -> Tier 1-Supermarket | P85: =L85/SUM(L:L) -> 6.8359287e-05
A86: NCD54 | B86: 21.1 | C86: Low Fat | D86: 0.0291 | E86: Household | F86: 143.379 | G86: OUT018 | H86: 2009 | I86: Medium | J86: Tier 3 | K86: Supermarket Type2 | L86: 1564.1462 | M86: Household | N86: Low Visibilty | O86: =_xlfn.CONCAT(J86,"-", LEFT(K86,12)) -> Tier 3-Supermarket | P86: =L86/SUM(L:L) -> 3.2681044e-05
A87: FDP31 | B87: 21.1 | C87: Regular | D87: 0.1618 | E87: Fruits and Vegetables | F87: 65.717 | G87: OUT045 | H87: 2002 | J87: Tier 2 | K87: Supermarket Type1 | L87: 664.6422 | M87: Perisable | N87: High Visibility | O87: =_xlfn.CONCAT(J87,"-", LEFT(K87,12)) -> Tier 2-Supermarket | P87: =L87/SUM(L:L) -> 1.3886938e-05
A88: NCE42 | B88: 21.1 | C88: Low Fat | D88: 0.0106 | E88: Household | F88: 235.496 | G88: OUT045 | H88: 2002 | J88: Tier 2 | K88: Supermarket Type1 | L88: 1949.0976 | M88: Household | N88: Low Visibilty | O88: =_xlfn.CONCAT(J88,"-", LEFT(K88,12)) -> Tier 2-Supermarket | P88: =L88/SUM(L:L) -> 4.0724163e-05
A89: FDP31 | B89: 21.1 | C89: Regular | D89: 0.1614 | E89: Fruits and Vegetables | F89: 64.017 | G89: OUT013 | H89: 1987 | I89: High | J89: Tier 3 | K89: Supermarket Type1 | L89: 745.0973 | M89: Perisable | N89: High Visibility | O89: =_xlfn.CONCAT(J89,"-", LEFT(K89,12)) -> Tier 3-Supermarket | P89: =L89/SUM(L:L) -> 1.5567955e-05
A90: NCE42 | B90: 21.1 | C90: Low Fat | D90: 0.0177 | E90: Household | F90: 234.796 | G90: OUT010 | H90: 1998 | J90: Tier 3 | K90: Grocery Store | L90: 466.5971 | M90: Household | N90: Low Visibilty | O90: =_xlfn.CONCAT(J90,"-", LEFT(K90,12)) -> Tier 3-Grocery Stor | P90: =L90/SUM(L:L) -> 9.7490122e-06
A91: FDO01 | B91: 21.1 | C91: Regular | D91: 0.0208 | E91: Breakfast | F91: 129.799 | G91: OUT017 | H91: 2007 | J91: Tier 2 | K91: Supermarket Type1 | L91: 1301.6719 | M91: Non-Perisable | N91: Low Visibilty | O91: =_xlfn.CONCAT(J91,"-", LEFT(K91,12)) -> Tier 2-Supermarket | P91: =L91/SUM(L:L) -> 2.7196944e-05
A92: FDO01 | B92: 21.1 | C92: Regular | D92: 0.0207 | E92: Breakfast | F92: 127.799 | G92: OUT035 | H92: 2004 | I92: Small | J92: Tier 2 | K92: Supermarket Type1 | L92: 1622.566 | M92: Non-Perisable | N92: Low Visibilty | O92: =_xlfn.CONCAT(J92,"-", LEFT(K92,12)) -> Tier 2-Supermarket | P92: =L92/SUM(L:L) -> 3.3901659e-05
A93: FDP31 | B93: 21.1 | C93: Regular | D93: 0.1618 | E93: Fruits and Vegetables | F93: 65.717 | G93: OUT049 | H93: 1999 | I93: Medium | J93: Tier 1 | K93: Supermarket Type1 | L93: 591.273 | M93: Perisable | N93: High Visibility | O93: =_xlfn.CONCAT(J93,"-", LEFT(K93,12)) -> Tier 1-Supermarket | P93: =L93/SUM(L:L) -> 1.2353972e-05
A94: NCE42 | B94: 21.1 | C94: Low Fat | D94: 0.0107 | E94: Household | F94: 231.996 | G94: OUT017 | H94: 2007 | J94: Tier 2 | K94: Supermarket Type1 | L94: 2172.3678 | M94: Household | N94: Low Visibilty | O94: =_xlfn.CONCAT(J94,"-", LEFT(K94,12)) -> Tier 2-Supermarket | P94: =L94/SUM(L:L) -> 4.5389138e-05
A95: NCE42 | B95: 21.1 | C95: Low Fat | D95: 0.0106 | E95: Household | F95: 232.596 | G95: OUT049 | H95: 1999 | I95: Medium | J95: Tier 1 | K95: Supermarket Type1 | L95: 2222.0472 | M95: Household | N95: Low Visibilty | O95: =_xlfn.CONCAT(J95,"-", LEFT(K95,12)) -> Tier 1-Supermarket | P95: =L95/SUM(L:L) -> 4.6427132e-05
A96: NCD54 | B96: 21.1 | C96: Low Fat | D96: 0.0291 | E96: Household | F96: 144.779 | G96: OUT045 | H96: 2002 | J96: Tier 2 | K96: Supermarket Type1 | L96: 1646.0795 | M96: Household | N96: Low Visibilty | O96: =_xlfn.CONCAT(J96,"-", LEFT(K96,12)) -> Tier 2-Supermarket | P96: =L96/SUM(L:L) -> 3.4392947e-05
A97: FDO01 | B97: 21.1 | C97: Regular | D97: 0.0347 | E97: Breakfast | F97: 127.799 | G97: OUT010 | H97: 1998 | J97: Tier 3 | K97: Grocery Store | L97: 227.0567 | M97: Non-Perisable | N97: Low Visibilty | O97: =_xlfn.CONCAT(J97,"-", LEFT(K97,12)) -> Tier 3-Grocery Stor | P97: =L97/SUM(L:L) -> 4.7440898e-06
A98: FDO01 | B98: 21.1 | C98: Regular | D98: 0.0207 | E98: Breakfast | F98: 130.199 | G98: OUT013 | H98: 1987 | I98: High | J98: Tier 3 | K98: Supermarket Type1 | L98: 2099.2957 | M98: Non-Perisable | N98: Low Visibilty | O98: =_xlfn.CONCAT(J98,"-", LEFT(K98,12)) -> Tier 3-Supermarket | P98: =L98/SUM(L:L) -> 4.386238e-05
A99: FDH10 | B99: 21 | C99: Low Fat | D99: 0.0493 | E99: Snack Foods | F99: 195.048 | G99: OUT013 | H99: 1987 | I99: High | J99: Tier 3 | K99: Supermarket Type1 | L99: 1549.9824 | M99: Non-Perisable | N99: Low Visibilty | O99: =_xlfn.CONCAT(J99,"-", LEFT(K99,12)) -> Tier 3-Supermarket | P99: =L99/SUM(L:L) -> 3.2385108e-05
A100: FDH10 | B100: 21 | C100: Low Fat | D100: 0.0496 | E100: Snack Foods | F100: 193.848 | G100: OUT017 | H100: 2007 | J100: Tier 2 | K100: Supermarket Type1 | L100: 1162.4868 | M100: Non-Perisable | N100: Low Visibilty | O100: =_xlfn.CONCAT(J100,"-", LEFT(K100,12)) -> Tier 2-Supermarket | P100: =L100/SUM(L:L) -> 2.4288831e-05
...

Sheet Data_Profil_Cedveli
A1: İtem_Outlet_Sales-e esasen max,min,avg,Count ve Countblank melumatlari
B3: max | C3: min | D3: avarage | E3: count | F3: countblank
B4: =MAX(Clean_SuperStore_Data!L2:L11766) -> 10256.649 | C4: =MIN(Clean_SuperStore_Data!L2:L11766) -> 33.29 | D4: =AVERAGE(Clean_SuperStore_Data!L2:L11766) -> 2034.04 | E4: =COUNT(Clean_SuperStore_Data!L2:L11766) -> 11765 | F4: =COUNTBLANK(Clean_SuperStore_Data!L2:L11766) -> 0

Sheet Pivot_Table
A3: Row Labels | B3: Count of Item_Identifier | E3: Sum of Item_Outlet_Sales | F3: Column Labels | K3: Sum of Item_Outlet_Sales | L3: Column Labels | Q3: Sum of Item_Outlet_Sales | R3: Column Labels
A4: Low Fat | B4: 7607 | E4: Row Labels | F4: Grocery Store | G4: Supermarket Type1 | H4: Supermarket Type2 | I4: Grand Total | K4: Row Labels | L4: High Visibility | M4: Low Visibilty | N4: Unknown | O4: Grand Total | Q4: Row Labels | R4: Drinks | S4: Household | T4: Non-Perisable | U4: Perisable | V4: Grand Total
A5: Regular | B5: 4158 | E5: Baking Goods | F5: 19271.941 | G5: 1439523.5 | H5: 202836.35 | I5: 1661631.8 | K5: Baking Goods | L5: 332050.4 | M5: 1215588.1 | N5: 113993.31 | O5: 1661631.8 | Q5: 1987 | R5: 263794.35 | S5: 571696.72 | T5: 1262860.8 | U5: 1320254 | V5: 3418605.8
A6: Grand Total | B6: 11765 | E6: Breads | F6: 12137.902 | G6: 610893.68 | H6: 93978.059 | I6: 717009.64 | K6: Breads | L6: 111296.34 | M6: 560606 | N6: 45107.301 | O6: 717009.64 | Q6: 1997 | R6: 228972.12 | S6: 558041.15 | T6: 1261338.4 | U6: 1322457.4 | V6: 3370809
E7: Breakfast | F7: 4862.1961 | G7: 250165.99 | H7: 40354.785 | I7: 295382.97 | K7: Breakfast | L7: 60794.375 | M7: 218086.26 | N7: 16502.334 | O7: 295382.97 | Q7: 1998 | R7: 21123.507 | S7: 57022.755 | T7: 105012.78 | U7: 115864.89 | V7: 299023.93
E8: Canned | F8: 18132.007 | G8: 1598218.7 | H8: 217047.86 | I8: 1833398.6 | K8: Canned | L8: 446471.67 | M8: 1264995.1 | N8: 121931.82 | O8: 1833398.6 | Q8: 1999 | R8: 259748.61 | S8: 630726.4 | T8: 1283531.1 | U8: 1321621.9 | V8: 3495627.9
E9: Dairy | F9: 23488.329 | G9: 1683131.5 | H9: 250559.56 | I9: 1957179.4 | K9: Dairy | L9: 381779.62 | M9: 1475124.3 | N9: 100275.49 | O9: 1957179.4 | Q9: 2002 | R9: 248619.98 | S9: 549990.67 | T9: 1188254.8 | U9: 1255175.2 | V9: 3242040.6
E10: Frozen Foods | F10: 29036.711 | G10: 1983296.6 | H10: 279709.35 | I10: 2292042.7 | K10: Frozen Foods | L10: 398920.08 | M10: 1757769.8 | N10: 135352.79 | O10: 2292042.7 | Q10: 2004 | R10: 257313.03 | S10: 622753.07 | T10: 1353204 | U10: 1373974.6 | V10: 3607244.7
E11: Fruits and Vegetables | F11: 41030.432 | G11: 3003982.8 | H11: 425698.66 | I11: 3470711.9 | K11: Fruits and Vegetables | L11: 757868.49 | M11: 2474453.8 | N11: 238389.61 | O11: 3470711.9 | Q11: 2007 | R11: 265770.89 | S11: 576064.65 | T11: 1320002.2 | U11: 1355703.6 | V11: 3517541.4
E12: Hard Drinks | F12: 6906.2977 | G12: 515144.19 | H12: 72699.142 | I12: 594749.63 | K12: Hard Drinks | L12: 104170.2 | M12: 452780.65 | N12: 37798.777 | O12: 594749.63 | Q12: 2009 | R12: 221442.15 | S12: 514469.73 | T12: 1088534.5 | U12: 1155140.9 | V12: 2979587.4
A13: Row Labels | B13: Sum of Item_Outlet_Sales | E13: Health and Hygiene | F13: 19231.715 | G13: 1176847.8 | H13: 174049.78 | I13: 1370129.3 | K13: Health and Hygiene | L13: 166468.91 | M13: 1122347.1 | N13: 81313.359 | O13: 1370129.3 | Q13: Grand Total | R13: 1766784.6 | S13: 4080765.1 | T13: 8862738.6 | U13: 9220192.4 | V13: 23930481
A14: High Visibility | B14: 4468409.5 | E14: Household | F14: 37791.04 | G14: 2332424.8 | H14: 340419.95 | I14: 2710635.8 | K14: Household | L14: 374980.81 | M14: 2170730.8 | N14: 164924.19 | O14: 2710635.8
A15: Low Visibilty | B15: 17937777 | E15: Meat | F15: 18988.853 | G15: 1062366.6 | H15: 155783.69 | I15: 1237139.1 | K15: Meat | L15: 165028.29 | M15: 982490.48 | N15: 89620.34 | O15: 1237139.1
A16: Unknown | B16: 1524294.2 | E16: Others | F16: 5704.3581 | G16: 379244.21 | H16: 57894.534 | I16: 442843.1 | K16: Others | L16: 61972.96 | M16: 344306.46 | N16: 36563.68 | O16: 442843.1
A17: Grand Total | B17: 23930481 | E17: Seafood | F17: 947.4334 | G17: 149288.5 | H17: 26284.627 | I17: 176520.56 | K17: Seafood | L17: 59745.436 | M17: 108146.35 | N17: 8628.768 | O17: 176520.56
E18: Snack Foods | F18: 41884.789 | G18: 3020906.5 | H18: 434897.65 | I18: 3497688.9 | K18: Snack Foods | L18: 741020.14 | M18: 2542115.1 | N18: 214553.65 | O18: 3497688.9
E19: Soft Drinks | F19: 14217.21 | G19: 1009074.8 | H19: 148743 | I19: 1172035 | K19: Soft Drinks | L19: 215120.27 | M19: 883398.2 | N19: 73516.518 | O19: 1172035
E20: Starchy Foods | F20: 5392.7179 | G20: 437359.26 | H20: 58630.366 | I20: 501382.35 | K20: Starchy Foods | L20: 90721.445 | M20: 364838.63 | N20: 45822.274 | O20: 501382.35
E21: Grand Total | F21: 299023.93 | G21: 20651870 | H21: 2979587.4 | I21: 23930481 | K21: Grand Total | L21: 4468409.5 | M21: 17937777 | N21: 1524294.2 | O21: 23930481
A23: Row Labels | B23: Sum of Item_Outlet_Sales | E23: Row Labels | F23: Sum of Item_Outlet_Sales | H23: Row Labels | I23: Sum of Item_Outlet_Sales | K23: Row Labels | L23: Sum of Item_Outlet_Sales | N23: Sum of Item_Outlet_Sales | O23: Column Labels
A24: High Visibility | B24: 4468409.5 | E24: High Visibility | H24: OUT010 | I24: 299023.93 | K24: Drinks | L24: 1766784.6 | N24: Row Labels | O24: Low Fat | P24: Regular | Q24: Grand Total
A25: Low Visibilty | B25: 17937777 | E25: OUT010 | F25: 138994.25 | H25: OUT013 | I25: 3418605.8 | K25: Household | L25: 4080765.1 | N25: Drinks | O25: 1618021.2 | P25: 148763.44 | Q25: 1766784.6
A26: Unknown | B26: 1524294.2 | E26: OUT013 | F26: 646693.22 | H26: OUT017 | I26: 3517541.4 | K26: Non-Perisable | L26: 8862738.6 | N26: Household | O26: 4080765.1 | Q26: 4080765.1
A27: Grand Total | B27: 23930481 | E27: OUT017 | F27: 614054.56 | H27: OUT018 | I27: 2979587.4 | K27: Perisable | L27: 9220192.4 | N27: Non-Perisable | O27: 5074776.2 | P27: 3787962.4 | Q27: 8862738.6
E28: OUT018 | F28: 576226.72 | H28: OUT035 | I28: 3607244.7 | N28: Perisable | O28: 4599726.5 | P28: 4620466 | Q28: 9220192.4
E29: OUT035 | F29: 638094.57 | H29: OUT045 | I29: 3242040.6 | N29: Grand Total | O29: 15373289 | P29: 8557191.8 | Q29: 23930481
E30: OUT045 | F30: 640790.44 | H30: OUT046 | I30: 3370809
E31: OUT046 | F31: 603615.82 | H31: OUT049 | I31: 3495627.9
E32: OUT049 | F32: 609939.87 | H32: Grand Total | I32: 23930481
E33: High Visibility Total | F33: 4468409.5
E34: Low Visibilty
E35: OUT010 | F35: 140634.85
E36: OUT013 | F36: 2553372.6
E37: OUT017 | F37: 2701473.7
E38: OUT018 | F38: 2194579.1
E39: OUT035 | F39: 2753813.7
E40: OUT045 | F40: 2388586.3
E41: OUT046 | F41: 2568834.8
E42: OUT049 | F42: 2636482.1
E43: Low Visibilty Total | F43: 17937777
E44: Unknown
E45: OUT010 | F45: 19394.831
E46: OUT013 | F46: 218540.01
E47: OUT017 | F47: 202013.13
E48: OUT018 | F48: 208781.57
E49: OUT035 | F49: 215336.46
E50: OUT045 | F50: 212663.87
E51: OUT046 | F51: 198358.39
E52: OUT049 | F52: 249205.96
E53: Unknown Total | F53: 1524294.2
E54: Grand Total | F54: 23930481

Sheet Dashboard
